x-axis,1,3,MATH
second,Volt,Volt,Volt
+34.049000E-06,+18.591250419617E+00,+18.356875419617E+00,-794.921875000E-03
+34.050000E-06,+18.591250419617E+00,+18.435000419617E+00,-794.921875000E-03
+34.051000E-06,+18.591250419617E+00,+18.435000419616E+00,-873.046875000E-03
+34.052000E-06,+18.591250419617E+00,+18.356875419616E+00,-873.046875000E-03
+34.053000E-06,+18.669375419616E+00,+18.278750419617E+00,-873.046874999E-03
+34.054000E-06,+18.591250419617E+00,+18.278750419617E+00,-794.921875001E-03
+34.055000E-06,+18.591250419617E+00,+18.278750419616E+00,-873.046874999E-03
+34.056000E-06,+18.591250419618E+00,+18.200625419618E+00,-794.921875001E-03
+34.057000E-06,+18.669375419615E+00,+18.278750419620E+00,-873.046874999E-03
+34.058000E-06,+18.591250419618E+00,+18.435000419615E+00,-794.921875002E-03
+34.059000E-06,+18.669375419617E+00,+18.356875419617E+00,-873.046874998E-03
+34.060000E-06,+18.669375419617E+00,+18.356875419617E+00,-794.921875000E-03
+34.061000E-06,+18.669375419615E+00,+18.356875419615E+00,-794.921875000E-03
+34.062000E-06,+18.591250419617E+00,+18.278750419617E+00,-794.921875000E-03
+34.063000E-06,+18.591250419617E+00,+18.278750419614E+00,-794.921875000E-03
+34.064000E-06,+18.591250419617E+00,+18.200625419622E+00,-794.921875003E-03
+34.065000E-06,+18.591250419617E+00,+18.356875419620E+00,-873.046874997E-03
+34.066000E-06,+18.591250419620E+00,+18.435000419614E+00,-794.921875003E-03
+34.067000E-06,+18.669375419614E+00,+18.356875419614E+00,-873.046874994E-03
+34.068000E-06,+18.591250419623E+00,+18.278750419617E+00,-716.796875014E-03
+34.069000E-06,+18.747500419610E+00,+18.278750419617E+00,-1.029296874993E+00
+34.070000E-06,+18.591250419620E+00,+18.278750419617E+00,-873.046874996E-03
+34.071000E-06,+18.669375419617E+00,+18.278750419613E+00,-794.921875004E-03
+34.072000E-06,+18.669375419613E+00,+18.200625419625E+00,-873.046874996E-03
+34.073000E-06,+18.591250419621E+00,+18.356875419617E+00,-794.921875008E-03
+34.074000E-06,+18.669375419612E+00,+18.356875419612E+00,-951.171874996E-03
+34.075000E-06,+18.591250419617E+00,+18.278750419617E+00,-873.046874995E-03
+34.076000E-06,+18.591250419621E+00,+18.278750419617E+00,-794.921875005E-03
+34.077000E-06,+18.669375419617E+00,+18.278750419612E+00,-873.046875000E-03
+34.078000E-06,+18.669375419612E+00,+18.200625419622E+00,-873.046875000E-03
+34.079000E-06,+18.591250419622E+00,+18.278750419622E+00,-873.046875000E-03
+34.080000E-06,+18.669375419611E+00,+18.356875419617E+00,-873.046875000E-03
+34.081000E-06,+18.591250419617E+00,+18.356875419622E+00,-873.046874994E-03
+34.082000E-06,+18.591250419628E+00,+18.435000419611E+00,-794.921875012E-03
+34.083000E-06,+18.747500419605E+00,+18.356875419611E+00,-951.171874988E-03
+34.084000E-06,+18.591250419629E+00,+18.278750419617E+00,-794.921875006E-03
+34.085000E-06,+18.747500419610E+00,+18.278750419617E+00,-873.046874987E-03
+34.086000E-06,+18.669375419617E+00,+18.278750419617E+00,-716.796875000E-03
+34.087000E-06,+18.669375419617E+00,+18.278750419617E+00,-716.796875013E-03
+34.088000E-06,+18.669375419617E+00,+18.278750419610E+00,-873.046875007E-03
+34.089000E-06,+18.669375419610E+00,+18.200625419617E+00,-951.171874993E-03
+34.090000E-06,+18.591250419617E+00,+18.200625419631E+00,-873.046874993E-03
+34.091000E-06,+18.591250419617E+00,+18.356875419617E+00,-794.921875000E-03
+34.092000E-06,+18.591250419624E+00,+18.356875419632E+00,-794.921875000E-03
+34.093000E-06,+18.669375419617E+00,+18.513125419594E+00,-794.921875000E-03
+34.094000E-06,+18.669375419609E+00,+18.278750419617E+00,-794.921874984E-03
+34.095000E-06,+18.591250419625E+00,+18.278750419617E+00,-638.671875016E-03
+34.096000E-06,+18.669375419609E+00,+18.278750419617E+00,-794.921874992E-03
+34.097000E-06,+18.591250419617E+00,+18.278750419617E+00,-716.796875017E-03
+34.098000E-06,+18.591250419625E+00,+18.278750419617E+00,-873.046875009E-03
+34.099000E-06,+18.669375419617E+00,+18.278750419617E+00,-951.171875000E-03
+34.100000E-06,+18.669375419626E+00,+18.278750419626E+00,-951.171874991E-03
+34.101000E-06,+18.747500419617E+00,+18.356875419599E+00,-873.046875009E-03
+34.102000E-06,+18.747500419608E+00,+18.200625419635E+00,-951.171874982E-03
+34.103000E-06,+18.669375419626E+00,+18.356875419598E+00,-794.921875019E-03
+34.104000E-06,+18.747500419598E+00,+18.200625419626E+00,-951.171874981E-03
+34.105000E-06,+18.591250419607E+00,+18.278750419626E+00,-794.921874981E-03
+34.106000E-06,+18.513125419637E+00,+18.356875419617E+00,-638.671875030E-03
+34.107000E-06,+18.669375419597E+00,+18.356875419607E+00,-873.046874970E-03
+34.108000E-06,+18.513125419647E+00,+18.278750419637E+00,-638.671875041E-03
+34.109000E-06,+18.747500419617E+00,+18.435000419596E+00,-951.171875000E-03
+34.110000E-06,+18.747500419617E+00,+18.278750419627E+00,-951.171875000E-03
+34.111000E-06,+18.747500419617E+00,+18.356875419606E+00,-951.171875000E-03
+34.112000E-06,+18.747500419617E+00,+18.278750419617E+00,-951.171874989E-03
+34.113000E-06,+18.747500419606E+00,+18.278750419639E+00,-873.046874989E-03
+34.114000E-06,+18.669375419605E+00,+18.435000419605E+00,-794.921874989E-03
+34.115000E-06,+18.591250419617E+00,+18.356875419605E+00,-716.796875011E-03
+34.116000E-06,+18.591250419628E+00,+18.278750419617E+00,-794.921875000E-03
+34.117000E-06,+18.669375419605E+00,+18.278750419617E+00,-794.921874988E-03
+34.118000E-06,+18.591250419629E+00,+18.278750419641E+00,-716.796875000E-03
+34.119000E-06,+18.669375419617E+00,+18.435000419605E+00,-716.796875012E-03
+34.120000E-06,+18.669375419604E+00,+18.356875419617E+00,-794.921875000E-03
+34.121000E-06,+18.591250419617E+00,+18.356875419629E+00,-794.921875012E-03
+34.122000E-06,+18.591250419629E+00,+18.435000419604E+00,-873.046875000E-03
+34.123000E-06,+18.669375419604E+00,+18.356875419604E+00,-873.046875000E-03
+34.124000E-06,+18.591250419643E+00,+18.278750419643E+00,-873.046875000E-03
+34.125000E-06,+18.747500419617E+00,+18.435000419590E+00,-873.046875026E-03
+34.126000E-06,+18.747500419617E+00,+18.278750419630E+00,-1.029296874987E+00
+34.127000E-06,+18.747500419617E+00,+18.356875419603E+00,-951.171874987E-03
+34.128000E-06,+18.747500419617E+00,+18.278750419617E+00,-873.046875000E-03
+34.129000E-06,+18.747500419603E+00,+18.278750419603E+00,-873.046874986E-03
+34.130000E-06,+18.669375419603E+00,+18.200625419645E+00,-794.921874986E-03
+34.131000E-06,+18.591250419617E+00,+18.356875419603E+00,-716.796875014E-03
+34.132000E-06,+18.591250419631E+00,+18.278750419631E+00,-794.921875000E-03
+34.133000E-06,+18.669375419602E+00,+18.356875419602E+00,-794.921875000E-03
+34.134000E-06,+18.591250419617E+00,+18.278750419661E+00,-794.921874985E-03
+34.135000E-06,+18.591250419646E+00,+18.513125419572E+00,-716.796875045E-03
+34.136000E-06,+18.747500419602E+00,+18.278750419632E+00,-951.171874970E-03
+34.137000E-06,+18.669375419602E+00,+18.356875419602E+00,-794.921875000E-03
+34.138000E-06,+18.591250419617E+00,+18.278750419632E+00,-794.921874985E-03
+34.139000E-06,+18.591250419617E+00,+18.356875419586E+00,-716.796875000E-03
+34.140000E-06,+18.591250419648E+00,+18.200625419648E+00,-716.796875031E-03
+34.141000E-06,+18.747500419601E+00,+18.356875419601E+00,-873.046875000E-03
+34.142000E-06,+18.669375419633E+00,+18.278750419617E+00,-873.046875016E-03
+34.143000E-06,+18.747500419617E+00,+18.278750419617E+00,-951.171875000E-03
+34.144000E-06,+18.747500419617E+00,+18.278750419617E+00,-951.171874984E-03
+34.145000E-06,+18.747500419584E+00,+18.278750419633E+00,-873.046875000E-03
+34.146000E-06,+18.591250419633E+00,+18.356875419617E+00,-873.046875000E-03
+34.147000E-06,+18.669375419617E+00,+18.356875419617E+00,-873.046875000E-03
+34.148000E-06,+18.669375419634E+00,+18.356875419617E+00,-873.046875000E-03
+34.149000E-06,+18.747500419600E+00,+18.356875419617E+00,-873.046875000E-03
+34.150000E-06,+18.669375419634E+00,+18.356875419599E+00,-873.046875000E-03
+34.151000E-06,+18.747500419617E+00,+18.278750419599E+00,-873.046875018E-03
+34.152000E-06,+18.747500419581E+00,+18.200625419652E+00,-951.171874982E-03
+34.153000E-06,+18.591250419617E+00,+18.356875419599E+00,-873.046874964E-03
+34.154000E-06,+18.591250419635E+00,+18.278750419635E+00,-716.796875054E-03
+34.155000E-06,+18.669375419598E+00,+18.356875419598E+00,-951.171874945E-03
+34.156000E-06,+18.591250419635E+00,+18.278750419635E+00,-716.796875055E-03
+34.157000E-06,+18.669375419598E+00,+18.356875419617E+00,-951.171874981E-03
+34.158000E-06,+18.591250419617E+00,+18.356875419617E+00,-873.046874981E-03
+34.159000E-06,+18.591250419636E+00,+18.356875419598E+00,-794.921875019E-03
+34.160000E-06,+18.669375419598E+00,+18.278750419617E+00,-873.046874981E-03
+34.161000E-06,+18.591250419617E+00,+18.278750419617E+00,-794.921875019E-03
+34.162000E-06,+18.591250419636E+00,+18.278750419636E+00,-873.046875019E-03
+34.163000E-06,+18.669375419597E+00,+18.356875419597E+00,-951.171874961E-03
+34.164000E-06,+18.591250419656E+00,+18.278750419637E+00,-794.921875040E-03
+34.165000E-06,+18.747500419597E+00,+18.356875419597E+00,-951.171875000E-03
+34.166000E-06,+18.669375419597E+00,+18.278750419617E+00,-951.171874940E-03
+34.167000E-06,+18.591250419617E+00,+18.278750419596E+00,-716.796875020E-03
+34.168000E-06,+18.591250419617E+00,+18.200625419637E+00,-794.921874979E-03
+34.169000E-06,+18.591250419617E+00,+18.278750419658E+00,-716.796875000E-03
+34.170000E-06,+18.591250419617E+00,+18.435000419596E+00,-716.796875000E-03
+34.171000E-06,+18.591250419617E+00,+18.356875419596E+00,-716.796875000E-03
+34.172000E-06,+18.591250419659E+00,+18.278750419617E+00,-716.796875042E-03
+34.173000E-06,+18.747500419595E+00,+18.278750419595E+00,-873.046875021E-03
+34.174000E-06,+18.669375419617E+00,+18.200625419660E+00,-951.171874957E-03
+34.175000E-06,+18.669375419595E+00,+18.356875419573E+00,-794.921875000E-03
+34.176000E-06,+18.591250419639E+00,+18.200625419639E+00,-794.921875000E-03
+34.177000E-06,+18.669375419595E+00,+18.278750419661E+00,-794.921874978E-03
+34.178000E-06,+18.591250419661E+00,+18.435000419595E+00,-716.796875067E-03
+34.179000E-06,+18.747500419594E+00,+18.356875419594E+00,-951.171874978E-03
+34.180000E-06,+18.669375419617E+00,+18.278750419662E+00,-873.046875000E-03
+34.181000E-06,+18.669375419639E+00,+18.435000419571E+00,-873.046875045E-03
+34.182000E-06,+18.747500419571E+00,+18.278750419640E+00,-1.029296874931E+00
+34.183000E-06,+18.591250419640E+00,+18.356875419617E+00,-794.921875023E-03
+34.184000E-06,+18.669375419640E+00,+18.356875419617E+00,-873.046875023E-03
+34.185000E-06,+18.747500419570E+00,+18.356875419617E+00,-951.171874977E-03
+34.186000E-06,+18.591250419640E+00,+18.356875419617E+00,-873.046875000E-03
+34.187000E-06,+18.669375419593E+00,+18.356875419617E+00,-873.046874976E-03
+34.188000E-06,+18.591250419641E+00,+18.356875419641E+00,-794.921875024E-03
+34.189000E-06,+18.669375419617E+00,+18.435000419569E+00,-873.046875000E-03
+34.190000E-06,+18.669375419641E+00,+18.278750419617E+00,-873.046874976E-03
+34.191000E-06,+18.747500419568E+00,+18.278750419617E+00,-794.921875000E-03
+34.192000E-06,+18.591250419641E+00,+18.278750419617E+00,-794.921875000E-03
+34.193000E-06,+18.669375419592E+00,+18.278750419642E+00,-794.921874975E-03
+34.194000E-06,+18.591250419642E+00,+18.356875419617E+00,-716.796875050E-03
+34.195000E-06,+18.669375419617E+00,+18.356875419592E+00,-873.046874975E-03
+34.196000E-06,+18.669375419617E+00,+18.278750419667E+00,-794.921875000E-03
+34.197000E-06,+18.669375419617E+00,+18.435000419566E+00,-794.921875025E-03
+34.198000E-06,+18.669375419617E+00,+18.278750419668E+00,-873.046874974E-03
+34.199000E-06,+18.669375419643E+00,+18.435000419591E+00,-794.921875052E-03
+34.200000E-06,+18.747500419617E+00,+18.356875419591E+00,-951.171875026E-03
+34.201000E-06,+18.747500419564E+00,+18.278750419643E+00,-1.029296874922E+00
+34.202000E-06,+18.591250419643E+00,+18.356875419617E+00,-794.921875000E-03
+34.203000E-06,+18.669375419617E+00,+18.356875419590E+00,-794.921875026E-03
+34.204000E-06,+18.669375419643E+00,+18.278750419670E+00,-873.046875000E-03
+34.205000E-06,+18.747500419617E+00,+18.435000419590E+00,-873.046875000E-03
+34.206000E-06,+18.747500419617E+00,+18.356875419671E+00,-873.046875027E-03
+34.207000E-06,+18.747500419617E+00,+18.513125419562E+00,-951.171874973E-03
+34.208000E-06,+18.747500419562E+00,+18.356875419589E+00,-873.046874973E-03
+34.209000E-06,+18.591250419617E+00,+18.278750419672E+00,-794.921875028E-03
+34.210000E-06,+18.591250419617E+00,+18.435000419589E+00,-873.046874972E-03
+34.211000E-06,+18.591250419617E+00,+18.356875419589E+00,-794.921875000E-03
+34.212000E-06,+18.591250419645E+00,+18.278750419645E+00,-794.921875056E-03
+34.213000E-06,+18.669375419617E+00,+18.356875419589E+00,-951.171874944E-03
+34.214000E-06,+18.669375419588E+00,+18.278750419617E+00,-794.921874972E-03
+34.215000E-06,+18.591250419645E+00,+18.278750419617E+00,-716.796875057E-03
+34.216000E-06,+18.669375419645E+00,+18.278750419645E+00,-873.046875029E-03
+34.217000E-06,+18.747500419588E+00,+18.356875419646E+00,-951.171875000E-03
+34.218000E-06,+18.669375419646E+00,+18.435000419588E+00,-951.171875000E-03
+34.219000E-06,+18.747500419617E+00,+18.356875419588E+00,-951.171874942E-03
+34.220000E-06,+18.747500419617E+00,+18.278750419676E+00,-794.921875029E-03
+34.221000E-06,+18.747500419587E+00,+18.435000419558E+00,-873.046874970E-03
+34.222000E-06,+18.669375419587E+00,+18.278750419617E+00,-794.921875030E-03
+34.223000E-06,+18.591250419677E+00,+18.278750419617E+00,-873.046875030E-03
+34.224000E-06,+18.747500419587E+00,+18.278750419647E+00,-951.171874970E-03
+34.225000E-06,+18.669375419617E+00,+18.356875419586E+00,-873.046874970E-03
+34.226000E-06,+18.669375419617E+00,+18.278750419617E+00,-794.921875030E-03
+34.227000E-06,+18.669375419586E+00,+18.278750419617E+00,-873.046874939E-03
+34.228000E-06,+18.591250419648E+00,+18.278750419648E+00,-716.796875031E-03
+34.229000E-06,+18.669375419586E+00,+18.356875419586E+00,-794.921875000E-03
+34.230000E-06,+18.591250419617E+00,+18.278750419617E+00,-794.921874969E-03
+34.231000E-06,+18.591250419648E+00,+18.278750419648E+00,-716.796875063E-03
+34.232000E-06,+18.669375419617E+00,+18.356875419617E+00,-873.046874969E-03
+34.233000E-06,+18.669375419585E+00,+18.356875419553E+00,-794.921875000E-03
+34.234000E-06,+18.591250419680E+00,+18.200625419649E+00,-794.921875095E-03
+34.235000E-06,+18.747500419585E+00,+18.278750419617E+00,-1.029296874936E+00
+34.236000E-06,+18.669375419617E+00,+18.278750419649E+00,-873.046875032E-03
+34.237000E-06,+18.669375419584E+00,+18.356875419584E+00,-951.171874935E-03
+34.238000E-06,+18.591250419649E+00,+18.278750419649E+00,-794.921875000E-03
+34.239000E-06,+18.669375419617E+00,+18.356875419584E+00,-794.921875033E-03
+34.240000E-06,+18.669375419584E+00,+18.278750419617E+00,-873.046875000E-03
+34.241000E-06,+18.591250419650E+00,+18.278750419650E+00,-873.046875033E-03
+34.242000E-06,+18.669375419584E+00,+18.356875419617E+00,-951.171874967E-03
+34.243000E-06,+18.591250419650E+00,+18.356875419583E+00,-873.046875000E-03
+34.244000E-06,+18.669375419650E+00,+18.278750419617E+00,-873.046875000E-03
+34.245000E-06,+18.747500419583E+00,+18.278750419617E+00,-873.046875034E-03
+34.246000E-06,+18.669375419583E+00,+18.278750419617E+00,-951.171874932E-03
+34.247000E-06,+18.591250419651E+00,+18.278750419617E+00,-794.921875068E-03
+34.248000E-06,+18.669375419583E+00,+18.278750419617E+00,-951.171875000E-03
+34.249000E-06,+18.591250419617E+00,+18.278750419651E+00,-951.171874966E-03
+34.250000E-06,+18.591250419617E+00,+18.356875419582E+00,-873.046875035E-03
+34.251000E-06,+18.591250419617E+00,+18.278750419617E+00,-951.171875000E-03
+34.252000E-06,+18.591250419652E+00,+18.278750419617E+00,-951.171875000E-03
+34.253000E-06,+18.669375419512E+00,+18.278750419617E+00,-951.171874930E-03
+34.254000E-06,+18.435000419652E+00,+18.278750419652E+00,-794.921875000E-03
+34.255000E-06,+18.513125419617E+00,+18.356875419581E+00,-794.921875035E-03
+34.256000E-06,+18.513125419581E+00,+18.278750419617E+00,-873.046875000E-03
+34.257000E-06,+18.435000419617E+00,+18.278750419617E+00,-873.046874964E-03
+34.258000E-06,+18.435000419653E+00,+18.278750419653E+00,-794.921875036E-03
+34.259000E-06,+18.513125419617E+00,+18.356875419581E+00,-873.046874964E-03
+34.260000E-06,+18.513125419653E+00,+18.278750419653E+00,-794.921875109E-03
+34.261000E-06,+18.591250419544E+00,+18.356875419544E+00,-1.029296874927E+00
+34.262000E-06,+18.435000419617E+00,+18.200625419690E+00,-873.046875000E-03
+34.263000E-06,+18.435000419617E+00,+18.356875419580E+00,-873.046875037E-03
+34.264000E-06,+18.435000419617E+00,+18.278750419617E+00,-951.171875074E-03
+34.265000E-06,+18.435000419543E+00,+18.278750419580E+00,-1.107421875000E+00
+34.266000E-06,+18.278750419617E+00,+18.200625419617E+00,-1.107421875149E+00
+34.267000E-06,+18.278750419617E+00,+18.200625419579E+00,-1.419921875150E+00
+34.268000E-06,+18.278750419466E+00,+18.122500419617E+00,-1.732421875038E+00
+34.269000E-06,+17.966250419503E+00,+18.122500419579E+00,-1.810546875076E+00
+34.270000E-06,+17.731875419503E+00,+18.044375419617E+00,-1.966796875076E+00
+34.271000E-06,+17.497500419388E+00,+18.044375419617E+00,-2.123046874924E+00
+34.272000E-06,+17.028750419425E+00,+18.044375419578E+00,-1.966796874962E+00
+34.273000E-06,+16.638125419424E+00,+17.966250419578E+00,-1.888671874962E+00
+34.274000E-06,+16.247500419423E+00,+17.888125419655E+00,-1.810546874923E+00
+34.275000E-06,+15.856875419500E+00,+17.966250419500E+00,-1.654296875078E+00
+34.276000E-06,+15.622500419422E+00,+17.731875419695E+00,-1.810546874844E+00
+34.277000E-06,+15.231875419460E+00,+17.888125419538E+00,-1.498046875000E+00
+34.278000E-06,+14.919375419459E+00,+17.731875419735E+00,-1.498046874921E+00
+34.279000E-06,+14.606875419538E+00,+17.966250419498E+00,-1.341796875079E+00
+34.280000E-06,+14.450625419458E+00,+17.731875419696E+00,-1.498046874921E+00
+34.281000E-06,+14.138125419378E+00,+17.888125419497E+00,-1.341796874880E+00
+34.282000E-06,+13.669375419497E+00,+17.653750419617E+00,-1.107421875040E+00
+34.283000E-06,+13.435000419416E+00,+17.653750419617E+00,-1.185546874839E+00
+34.284000E-06,+13.044375419536E+00,+17.653750419536E+00,-873.046875000E-03
+34.285000E-06,+12.888125419536E+00,+17.497500419617E+00,-873.046875041E-03
+34.286000E-06,+12.731875419495E+00,+17.497500419576E+00,-951.171875041E-03
+34.287000E-06,+12.497500419453E+00,+17.419375419576E+00,-1.029296874959E+00
+34.288000E-06,+12.185000419494E+00,+17.341250419658E+00,-951.171875000E-03
+34.289000E-06,+11.950625419493E+00,+17.419375419576E+00,-951.171874959E-03
+34.290000E-06,+11.716250419534E+00,+17.341250419575E+00,-873.046875000E-03
+34.291000E-06,+11.560000419492E+00,+17.263125419575E+00,-873.046874958E-03
+34.292000E-06,+11.325625419492E+00,+17.185000419617E+00,-794.921875000E-03
+34.293000E-06,+11.091250419533E+00,+17.185000419575E+00,-794.921874958E-03
+34.294000E-06,+10.935000419448E+00,+17.106875419533E+00,-716.796874916E-03
+34.295000E-06,+10.622500419532E+00,+16.950625419574E+00,-560.546875085E-03
+34.296000E-06,+10.466250419489E+00,+16.872500419659E+00,-716.796875000E-03
+34.297000E-06,+10.231875419489E+00,+16.950625419532E+00,-716.796874957E-03
+34.298000E-06,+9.997500419531E+00,+16.794375419574E+00,-638.671874957E-03
+34.299000E-06,+9.841250419574E+00,+16.716250419617E+00,-560.546875129E-03
+34.300000E-06,+9.763125419487E+00,+16.716250419574E+00,-794.921874871E-03
+34.301000E-06,+9.528750419444E+00,+16.638125419617E+00,-560.546875000E-03
+34.302000E-06,+9.216250419530E+00,+16.638125419573E+00,-560.546874957E-03
+34.303000E-06,+9.060000419486E+00,+16.560000419573E+00,-482.421875000E-03
+34.304000E-06,+8.825625419573E+00,+16.481875419529E+00,-482.421875088E-03
+34.305000E-06,+8.747500419441E+00,+16.325625419573E+00,-638.671874912E-03
+34.306000E-06,+8.435000419528E+00,+16.247500419528E+00,-482.421874956E-03
+34.307000E-06,+8.278750419528E+00,+16.091250419617E+00,-404.296875044E-03
+34.308000E-06,+8.122500419483E+00,+16.091250419617E+00,-482.421874956E-03
+34.309000E-06,+7.888125419438E+00,+16.091250419572E+00,-404.296874955E-03
+34.310000E-06,+7.575625419617E+00,+16.013125419617E+00,-326.171875045E-03
+34.311000E-06,+7.575625419482E+00,+16.013125419527E+00,-404.296875000E-03
+34.312000E-06,+7.341250419481E+00,+15.856875419572E+00,-404.296875000E-03
+34.313000E-06,+7.106875419571E+00,+15.778750419571E+00,-404.296875045E-03
+34.314000E-06,+7.028750419526E+00,+15.700625419617E+00,-482.421874954E-03
+34.315000E-06,+6.872500419525E+00,+15.700625419525E+00,-404.296875091E-03
+34.316000E-06,+6.716250419479E+00,+15.544375419571E+00,-560.546874817E-03
+34.317000E-06,+6.481875419525E+00,+15.466250419525E+00,-248.046875046E-03
+34.318000E-06,+6.325625419478E+00,+15.310000419524E+00,-326.171874908E-03
+34.319000E-06,+6.091250419570E+00,+15.153750419617E+00,-169.921875093E-03
+34.320000E-06,+6.013125419477E+00,+15.153750419524E+00,-326.171874907E-03
+34.321000E-06,+5.778750419523E+00,+14.997500419617E+00,-169.921875000E-03
+34.322000E-06,+5.622500419476E+00,+14.997500419523E+00,-169.921874953E-03
+34.323000E-06,+5.388125419570E+00,+14.841250419570E+00,-91.796875094E-03
+34.324000E-06,+5.310000419475E+00,+14.763125419711E+00,-248.046874906E-03
+34.325000E-06,+5.075625419475E+00,+14.919375419427E+00,-91.796874953E-03
+34.326000E-06,+4.841250419522E+00,+14.606875419569E+00,-13.671874952E-03
+34.327000E-06,+4.685000419569E+00,+14.528750419569E+00,+64.453124952E-03
+34.328000E-06,+4.606875419521E+00,+14.450625419569E+00,-13.671875048E-03
+34.329000E-06,+4.450625419472E+00,+14.372500419473E+00,-91.796874904E-03
+34.330000E-06,+4.216250419617E+00,+14.138125419665E+00,+64.453124952E-03
+34.331000E-06,+4.216250419471E+00,+14.216250419568E+00,-13.671874952E-03
+34.332000E-06,+3.981875419568E+00,+14.138125419617E+00,+64.453125000E-03
+34.333000E-06,+3.903750419470E+00,+14.138125419519E+00,+64.453125098E-03
+34.334000E-06,+3.669375419568E+00,+13.981875419568E+00,+220.703124951E-03
+34.335000E-06,+3.591250419568E+00,+13.903750419568E+00,+142.578124902E-03
+34.336000E-06,+3.513125419518E+00,+13.825625419617E+00,-13.671874951E-03
+34.337000E-06,+3.356875419468E+00,+13.825625419518E+00,+64.453125049E-03
+34.338000E-06,+3.122500419666E+00,+13.669375419518E+00,+142.578124950E-03
+34.339000E-06,+3.200625419467E+00,+13.513125419467E+00,+64.453125100E-03
+34.340000E-06,+2.966250419567E+00,+13.278750419717E+00,+220.703125000E-03
+34.341000E-06,+2.888125419567E+00,+13.435000419466E+00,+220.703124950E-03
+34.342000E-06,+2.810000419516E+00,+13.200625419566E+00,+142.578125151E-03
+34.343000E-06,+2.653750419617E+00,+13.122500419516E+00,+376.953124899E-03
+34.344000E-06,+2.653750419465E+00,+12.966250419566E+00,+220.703125051E-03
+34.345000E-06,+2.419375419668E+00,+12.888125419515E+00,+298.828124949E-03
+34.346000E-06,+2.497500419515E+00,+12.731875419566E+00,+220.703125102E-03
+34.347000E-06,+2.341250419617E+00,+12.653750419668E+00,+376.953124847E-03
+34.348000E-06,+2.341250419514E+00,+12.731875419514E+00,+142.578125051E-03
+34.349000E-06,+2.185000419565E+00,+12.575625419565E+00,+220.703125052E-03
+34.350000E-06,+2.106875419617E+00,+12.497500419617E+00,+298.828125000E-03
+34.351000E-06,+2.106875419565E+00,+12.497500419513E+00,+298.828124896E-03
+34.352000E-06,+2.028750419513E+00,+12.341250419565E+00,+142.578125104E-03
+34.353000E-06,+1.872500419512E+00,+12.263125419565E+00,+298.828125000E-03
+34.354000E-06,+1.716250419617E+00,+12.185000419564E+00,+298.828125000E-03
+34.355000E-06,+1.716250419617E+00,+12.106875419512E+00,+298.828124895E-03
+34.356000E-06,+1.716250419564E+00,+11.950625419617E+00,+142.578125105E-03
+34.357000E-06,+1.638125419564E+00,+11.950625419458E+00,+298.828125053E-03
+34.358000E-06,+1.560000419617E+00,+11.716250419617E+00,+376.953125000E-03
+34.359000E-06,+1.560000419563E+00,+11.716250419564E+00,+376.953124894E-03
+34.360000E-06,+1.481875419510E+00,+11.638125419510E+00,+220.703125107E-03
+34.361000E-06,+1.325625419670E+00,+11.481875419563E+00,+376.953125000E-03
+34.362000E-06,+1.403750419563E+00,+11.403750419617E+00,+376.953125000E-03
+34.363000E-06,+1.325625419563E+00,+11.403750419563E+00,+376.953124946E-03
+34.364000E-06,+1.247500419617E+00,+11.325625419509E+00,+298.828125000E-03
+34.365000E-06,+1.247500419508E+00,+11.169375419617E+00,+298.828125108E-03
+34.366000E-06,+1.091250419671E+00,+11.169375419562E+00,+455.078124891E-03
+34.367000E-06,+1.169375419508E+00,+11.091250419508E+00,+298.828125055E-03
+34.368000E-06,+1.013125419562E+00,+10.935000419562E+00,+376.953125055E-03
+34.369000E-06,+935.000419562E-03,+10.856875419617E+00,+455.078125110E-03
+34.370000E-06,+856.875419562E-03,+10.856875419562E+00,+611.328124945E-03
+34.371000E-06,+778.750419672E-03,+10.778750419506E+00,+533.203124945E-03
+34.372000E-06,+856.875419506E-03,+10.622500419617E+00,+455.078125111E-03
+34.373000E-06,+700.625419617E-03,+10.622500419561E+00,+611.328125000E-03
+34.374000E-06,+700.625419617E-03,+10.544375419505E+00,+611.328125000E-03
+34.375000E-06,+700.625419561E-03,+10.388125419505E+00,+611.328125000E-03
+34.376000E-06,+622.500419504E-03,+10.231875419673E+00,+611.328125056E-03
+34.377000E-06,+466.250419673E-03,+10.310000419560E+00,+689.453124887E-03
+34.378000E-06,+544.375419617E-03,+10.231875419391E+00,+533.203125000E-03
+34.379000E-06,+544.375419673E-03,+9.919375419673E+00,+533.203124943E-03
+34.380000E-06,+622.500419617E-03,+9.997500419674E+00,+455.078124886E-03
+34.381000E-06,+622.500419446E-03,+10.075625419503E+00,+298.828125228E-03
+34.382000E-06,+388.125419560E-03,+9.919375419617E+00,+611.328125057E-03
+34.383000E-06,+310.000419731E-03,+9.919375419387E+00,+689.453124828E-03
+34.384000E-06,+466.250419502E-03,+9.606875419674E+00,+455.078125115E-03
+34.385000E-06,+310.000419617E-03,+9.685000419444E+00,+611.328124942E-03
+34.386000E-06,+310.000419617E-03,+9.450625419617E+00,+533.203125000E-03
+34.387000E-06,+310.000419617E-03,+9.450625419559E+00,+533.203125000E-03
+34.388000E-06,+310.000419617E-03,+9.372500419617E+00,+533.203124942E-03
+34.389000E-06,+310.000419500E-03,+9.372500419558E+00,+455.078125117E-03
+34.390000E-06,+153.750419617E-03,+9.294375419558E+00,+611.328124941E-03
+34.391000E-06,+153.750419558E-03,+9.216250419382E+00,+533.203125059E-03
+34.392000E-06,+75.625419617E-03,+8.903750419734E+00,+611.328124941E-03
+34.393000E-06,+75.625419558E-03,+9.060000419499E+00,+533.203125118E-03
+34.394000E-06,-2.499580324E-03,+8.903750419557E+00,+689.453125059E-03
+34.395000E-06,+75.625419557E-03,+8.825625419617E+00,+767.578124881E-03
+34.396000E-06,-2.499580383E-03,+8.825625419617E+00,+611.328125000E-03
+34.397000E-06,-2.499580443E-03,+8.825625419557E+00,+611.328125060E-03
+34.398000E-06,-80.624580323E-03,+8.747500419497E+00,+689.453125000E-03
+34.399000E-06,-2.499580443E-03,+8.591250419497E+00,+689.453125000E-03
+34.400000E-06,-80.624580323E-03,+8.435000419617E+00,+689.453124940E-03
+34.401000E-06,-2.499580504E-03,+8.435000419496E+00,+611.328125060E-03
+34.402000E-06,-158.749580262E-03,+8.278750419738E+00,+689.453125000E-03
+34.403000E-06,-2.499580323E-03,+8.435000419556E+00,+689.453124818E-03
+34.404000E-06,+75.625419617E-03,+8.356875419556E+00,+455.078125000E-03
+34.405000E-06,+75.625419495E-03,+8.278750419495E+00,+455.078125122E-03
+34.406000E-06,-80.624580322E-03,+8.122500419617E+00,+611.328125000E-03
+34.407000E-06,-2.499580383E-03,+8.122500419494E+00,+611.328125000E-03
+34.408000E-06,-2.499580383E-03,+7.966250419493E+00,+611.328124938E-03
+34.409000E-06,-2.499580507E-03,+7.810000419617E+00,+533.203125124E-03
+34.410000E-06,-158.749580321E-03,+7.810000419493E+00,+689.453125062E-03
+34.411000E-06,-80.624580383E-03,+7.653750419617E+00,+767.578124876E-03
+34.412000E-06,-80.624580321E-03,+7.653750419617E+00,+611.328125000E-03
+34.413000E-06,-2.499580446E-03,+7.653750419617E+00,+611.328125062E-03
+34.414000E-06,-80.624580321E-03,+7.653750419617E+00,+689.453124937E-03
+34.415000E-06,-2.499580446E-03,+7.653750419491E+00,+611.328125063E-03
+34.416000E-06,-80.624580383E-03,+7.497500419554E+00,+689.453124937E-03
+34.417000E-06,-80.624580446E-03,+7.419375419427E+00,+611.328125063E-03
+34.418000E-06,-158.749580383E-03,+7.185000419680E+00,+689.453125063E-03
+34.419000E-06,-158.749580383E-03,+7.263125419553E+00,+767.578124937E-03
+34.420000E-06,-158.749580320E-03,+7.185000419553E+00,+689.453124873E-03
+34.421000E-06,-80.624580447E-03,+7.106875419553E+00,+533.203125192E-03
+34.422000E-06,-158.749580255E-03,+7.028750419617E+00,+767.578124872E-03
+34.423000E-06,-2.499580319E-03,+7.028750419488E+00,+611.328124872E-03
+34.424000E-06,+75.625419424E-03,+6.872500419617E+00,+455.078125193E-03
+34.425000E-06,-158.749580383E-03,+6.872500419552E+00,+689.453125000E-03
+34.426000E-06,-158.749580254E-03,+6.794375419617E+00,+689.453125000E-03
+34.427000E-06,-2.499580383E-03,+6.794375419552E+00,+689.453124935E-03
+34.428000E-06,-2.499580448E-03,+6.716250419617E+00,+611.328125000E-03
+34.429000E-06,-80.624580514E-03,+6.716250419486E+00,+611.328125130E-03
+34.430000E-06,-236.874580318E-03,+6.560000419682E+00,+767.578125000E-03
+34.431000E-06,-158.749580383E-03,+6.638125419486E+00,+767.578124934E-03
+34.432000E-06,-158.749580383E-03,+6.481875419551E+00,+689.453124934E-03
+34.433000E-06,-158.749580383E-03,+6.403750419551E+00,+611.328125066E-03
+34.434000E-06,-158.749580383E-03,+6.325625419749E+00,+689.453125066E-03
+34.435000E-06,-158.749580251E-03,+6.481875419550E+00,+767.578124801E-03
+34.436000E-06,-2.499580516E-03,+6.403750419484E+00,+533.203125199E-03
+34.437000E-06,-158.749580383E-03,+6.247500419484E+00,+767.578124933E-03
+34.438000E-06,-158.749580383E-03,+6.091250419683E+00,+689.453125067E-03
+34.439000E-06,-158.749580316E-03,+6.169375419483E+00,+767.578124866E-03
+34.440000E-06,-80.624580450E-03,+6.013125419617E+00,+611.328125067E-03
+34.441000E-06,-158.749580383E-03,+6.013125419617E+00,+689.453125000E-03
+34.442000E-06,-158.749580383E-03,+6.013125419617E+00,+689.453125000E-03
+34.443000E-06,-158.749580316E-03,+6.013125419549E+00,+689.453124797E-03
+34.444000E-06,-80.624580383E-03,+5.935000419481E+00,+455.078125068E-03
+34.445000E-06,-80.624580451E-03,+5.778750419617E+00,+533.203125136E-03
+34.446000E-06,-158.749580315E-03,+5.778750419549E+00,+689.453125000E-03
+34.447000E-06,-80.624580520E-03,+5.700625419685E+00,+689.453125068E-03
+34.448000E-06,-236.874580315E-03,+5.778750419480E+00,+767.578125000E-03
+34.449000E-06,-158.749580383E-03,+5.622500419479E+00,+767.578125000E-03
+34.450000E-06,-158.749580383E-03,+5.466250419686E+00,+767.578125069E-03
+34.451000E-06,-158.749580383E-03,+5.544375419548E+00,+845.703124862E-03
+34.452000E-06,-158.749580245E-03,+5.466250419617E+00,+689.453124793E-03
+34.453000E-06,-2.499580383E-03,+5.466250419617E+00,+455.078125069E-03
+34.454000E-06,-2.499580383E-03,+5.466250419547E+00,+533.203125000E-03
+34.455000E-06,-2.499580453E-03,+5.388125419617E+00,+533.203125070E-03
+34.456000E-06,-80.624580453E-03,+5.388125419547E+00,+611.328125070E-03
+34.457000E-06,-158.749580383E-03,+5.310000419477E+00,+689.453125000E-03
+34.458000E-06,-158.749580313E-03,+5.153750419617E+00,+689.453125000E-03
+34.459000E-06,-80.624580454E-03,+5.153750419617E+00,+689.453125070E-03
+34.460000E-06,-158.749580313E-03,+5.153750419617E+00,+767.578124788E-03
+34.461000E-06,-80.624580454E-03,+5.153750419617E+00,+533.203125141E-03
+34.462000E-06,-158.749580242E-03,+5.153750419546E+00,+689.453124929E-03
+34.463000E-06,-2.499580525E-03,+5.075625419475E+00,+611.328125071E-03
+34.464000E-06,-158.749580383E-03,+4.919375419545E+00,+689.453124929E-03
+34.465000E-06,-158.749580383E-03,+4.841250419617E+00,+611.328125071E-03
+34.466000E-06,-158.749580383E-03,+4.841250419545E+00,+689.453125072E-03
+34.467000E-06,-158.749580383E-03,+4.763125419617E+00,+767.578124928E-03
+34.468000E-06,-158.749580311E-03,+4.763125419689E+00,+689.453124856E-03
+34.469000E-06,-80.624580455E-03,+4.841250419545E+00,+533.203125144E-03
+34.470000E-06,-158.749580383E-03,+4.763125419544E+00,+689.453125000E-03
+34.471000E-06,-158.749580311E-03,+4.685000419544E+00,+689.453124855E-03
+34.472000E-06,-80.624580456E-03,+4.606875419544E+00,+533.203125073E-03
+34.473000E-06,-158.749580383E-03,+4.528750419617E+00,+611.328125145E-03
+34.474000E-06,-158.749580310E-03,+4.528750419471E+00,+767.578124854E-03
+34.475000E-06,-80.624580383E-03,+4.372500419763E+00,+611.328124927E-03
+34.476000E-06,-80.624580383E-03,+4.528750419543E+00,+533.203124927E-03
+34.477000E-06,-80.624580383E-03,+4.450625419543E+00,+455.078125073E-03
+34.478000E-06,-80.624580383E-03,+4.372500419543E+00,+533.203125000E-03
+34.479000E-06,-80.624580457E-03,+4.294375419543E+00,+533.203125148E-03
+34.480000E-06,-158.749580457E-03,+4.216250419617E+00,+689.453125000E-03
+34.481000E-06,-236.874580309E-03,+4.216250419543E+00,+689.453124926E-03
+34.482000E-06,-158.749580383E-03,+4.138125419691E+00,+611.328125149E-03
+34.483000E-06,-158.749580383E-03,+4.216250419617E+00,+767.578124926E-03
+34.484000E-06,-158.749580159E-03,+4.216250419542E+00,+689.453124701E-03
+34.485000E-06,+75.625419467E-03,+4.138125419617E+00,+376.953125224E-03
+34.486000E-06,-80.624580383E-03,+4.138125419617E+00,+611.328125075E-03
+34.487000E-06,-80.624580458E-03,+4.138125419466E+00,+689.453125000E-03
+34.488000E-06,-158.749580383E-03,+3.981875419617E+00,+689.453125075E-03
+34.489000E-06,-158.749580383E-03,+3.981875419541E+00,+767.578124925E-03
+34.490000E-06,-158.749580383E-03,+3.903750419692E+00,+689.453125000E-03
+34.491000E-06,-158.749580383E-03,+3.981875419617E+00,+689.453125000E-03
+34.492000E-06,-158.749580383E-03,+3.981875419541E+00,+689.453124848E-03
+34.493000E-06,-158.749580459E-03,+3.903750419541E+00,+533.203125229E-03
+34.494000E-06,-236.874580231E-03,+3.825625419617E+00,+767.578124924E-03
+34.495000E-06,-80.624580460E-03,+3.825625419540E+00,+689.453125000E-03
+34.496000E-06,-158.749580383E-03,+3.747500419693E+00,+689.453124923E-03
+34.497000E-06,-158.749580383E-03,+3.825625419386E+00,+611.328125077E-03
+34.498000E-06,-158.749580306E-03,+3.591250419694E+00,+689.453125000E-03
+34.499000E-06,-80.624580383E-03,+3.669375419617E+00,+689.453125000E-03
+34.500000E-06,-80.624580383E-03,+3.669375419539E+00,+689.453124845E-03
+34.501000E-06,-80.624580461E-03,+3.591250419617E+00,+533.203125233E-03
+34.502000E-06,-158.749580228E-03,+3.591250419617E+00,+767.578124689E-03
+34.503000E-06,-2.499580539E-03,+3.591250419461E+00,+455.078125078E-03
+34.504000E-06,-158.749580383E-03,+3.435000419617E+00,+533.203125156E-03
+34.505000E-06,-158.749580383E-03,+3.435000419695E+00,+689.453125000E-03
+34.506000E-06,-158.749580305E-03,+3.513125419617E+00,+689.453125000E-03
+34.507000E-06,-80.624580383E-03,+3.513125419538E+00,+689.453124921E-03
+34.508000E-06,-80.624580462E-03,+3.435000419459E+00,+611.328125079E-03
+34.509000E-06,-158.749580304E-03,+3.278750419617E+00,+689.453124921E-03
+34.510000E-06,-80.624580304E-03,+3.278750419617E+00,+611.328124921E-03
+34.511000E-06,-2.499580463E-03,+3.278750419617E+00,+533.203125000E-03
+34.512000E-06,-80.624580383E-03,+3.278750419458E+00,+533.203124921E-03
+34.513000E-06,-80.624580463E-03,+3.122500419617E+00,+455.078125159E-03
+34.514000E-06,-158.749580304E-03,+3.122500419617E+00,+611.328125000E-03
+34.515000E-06,-80.624580383E-03,+3.122500419697E+00,+611.328124840E-03
+34.516000E-06,-80.624580383E-03,+3.200625419456E+00,+455.078125000E-03
+34.517000E-06,-80.624580464E-03,+3.044375419617E+00,+455.078125241E-03
+34.518000E-06,-158.749580303E-03,+3.044375419778E+00,+689.453124839E-03
+34.519000E-06,-80.624580464E-03,+3.200625419375E+00,+533.203125081E-03
+34.520000E-06,-158.749580303E-03,+2.966250419617E+00,+611.328124919E-03
+34.521000E-06,-80.624580464E-03,+2.966250419617E+00,+533.203125000E-03
+34.522000E-06,-158.749580302E-03,+2.966250419617E+00,+533.203125081E-03
+34.523000E-06,-80.624580302E-03,+2.966250419617E+00,+611.328124919E-03
+34.524000E-06,-2.499580465E-03,+2.966250419698E+00,+533.203125000E-03
+34.525000E-06,-80.624580465E-03,+3.044375419535E+00,+533.203125082E-03
+34.526000E-06,-158.749580465E-03,+2.966250419617E+00,+611.328125164E-03
+34.527000E-06,-236.874580383E-03,+2.966250419453E+00,+767.578125000E-03
+34.528000E-06,-236.874580383E-03,+2.810000419535E+00,+767.578124918E-03
+34.529000E-06,-236.874580383E-03,+2.731875419699E+00,+689.453125082E-03
+34.530000E-06,-236.874580218E-03,+2.810000419699E+00,+767.578124835E-03
+34.531000E-06,-80.624580383E-03,+2.888125419617E+00,+611.328124917E-03
+34.532000E-06,-80.624580383E-03,+2.888125419617E+00,+533.203125000E-03
+34.533000E-06,-80.624580466E-03,+2.888125419534E+00,+533.203125000E-03
+34.534000E-06,-158.749580217E-03,+2.810000419700E+00,+533.203125000E-03
+34.535000E-06,-2.499580550E-03,+2.888125419533E+00,+533.203125000E-03
+34.536000E-06,-158.749580467E-03,+2.810000419617E+00,+533.203125251E-03
+34.537000E-06,-236.874580300E-03,+2.810000419449E+00,+767.578124916E-03
+34.538000E-06,-158.749580299E-03,+2.653750419701E+00,+689.453125084E-03
+34.539000E-06,-80.624580383E-03,+2.731875419701E+00,+767.578124832E-03
+34.540000E-06,-80.624580468E-03,+2.810000419617E+00,+611.328125000E-03
+34.541000E-06,-158.749580383E-03,+2.810000419532E+00,+611.328125084E-03
+34.542000E-06,-158.749580383E-03,+2.731875419786E+00,+689.453124831E-03
+34.543000E-06,-158.749580383E-03,+2.888125419532E+00,+533.203125085E-03
+34.544000E-06,-158.749580383E-03,+2.810000419617E+00,+611.328124915E-03
+34.545000E-06,-158.749580553E-03,+2.810000419532E+00,+533.203125170E-03
+34.546000E-06,-314.999580213E-03,+2.731875419702E+00,+689.453125000E-03
+34.547000E-06,-158.749580383E-03,+2.810000419617E+00,+689.453124829E-03
+34.548000E-06,-158.749580383E-03,+2.810000419617E+00,+533.203125086E-03
+34.549000E-06,-158.749580298E-03,+2.810000419617E+00,+611.328124914E-03
+34.550000E-06,-80.624580383E-03,+2.810000419617E+00,+533.203125086E-03
+34.551000E-06,-80.624580469E-03,+2.810000419617E+00,+611.328125086E-03
+34.552000E-06,-158.749580383E-03,+2.810000419617E+00,+689.453125000E-03
+34.553000E-06,-158.749580470E-03,+2.810000419617E+00,+689.453125000E-03
+34.554000E-06,-236.874580383E-03,+2.810000419703E+00,+689.453125087E-03
+34.555000E-06,-236.874580297E-03,+2.888125419530E+00,+767.578124826E-03
+34.556000E-06,-158.749580383E-03,+2.810000419530E+00,+611.328124913E-03
+34.557000E-06,-158.749580470E-03,+2.731875419617E+00,+533.203125174E-03
+34.558000E-06,-236.874580209E-03,+2.731875419704E+00,+689.453124825E-03
+34.559000E-06,-80.624580471E-03,+2.810000419617E+00,+533.203125087E-03
+34.560000E-06,-158.749580383E-03,+2.810000419529E+00,+611.328125000E-03
+34.561000E-06,-158.749580383E-03,+2.731875419705E+00,+611.328125088E-03
+34.562000E-06,-158.749580383E-03,+2.810000419617E+00,+689.453125176E-03
+34.563000E-06,-158.749580295E-03,+2.810000419617E+00,+845.703124736E-03
+34.564000E-06,-80.624580383E-03,+2.810000419793E+00,+611.328124912E-03
+34.565000E-06,-80.624580383E-03,+2.966250419351E+00,+533.203125000E-03
+34.566000E-06,-80.624580295E-03,+2.731875419794E+00,+533.203124911E-03
+34.567000E-06,-2.499580561E-03,+2.888125419528E+00,+455.078125178E-03
+34.568000E-06,-158.749580383E-03,+2.810000419617E+00,+611.328125000E-03
+34.569000E-06,-158.749580562E-03,+2.810000419617E+00,+611.328125268E-03
+34.570000E-06,-314.999580205E-03,+2.810000419617E+00,+845.703124821E-03
+34.571000E-06,-158.749580383E-03,+2.810000419617E+00,+689.453125000E-03
+34.572000E-06,-158.749580294E-03,+2.810000419617E+00,+689.453124821E-03
+34.573000E-06,-80.624580473E-03,+2.810000419617E+00,+533.203125180E-03
+34.574000E-06,-158.749580293E-03,+2.810000419617E+00,+689.453124910E-03
+34.575000E-06,-80.624580474E-03,+2.810000419526E+00,+611.328125000E-03
+34.576000E-06,-158.749580474E-03,+2.731875419707E+00,+611.328125090E-03
+34.577000E-06,-236.874580383E-03,+2.810000419798E+00,+689.453125091E-03
+34.578000E-06,-236.874580383E-03,+2.966250419435E+00,+767.578125000E-03
+34.579000E-06,-236.874580292E-03,+2.810000419526E+00,+767.578124727E-03
+34.580000E-06,-158.749580383E-03,+2.731875419617E+00,+533.203125000E-03
+34.581000E-06,-158.749580383E-03,+2.731875419708E+00,+533.203125182E-03
+34.582000E-06,-158.749580383E-03,+2.810000419800E+00,+689.453125000E-03
+34.583000E-06,-158.749580292E-03,+2.966250419525E+00,+689.453124817E-03
+34.584000E-06,-80.624580475E-03,+2.888125419525E+00,+533.203125092E-03
+34.585000E-06,-158.749580291E-03,+2.810000419617E+00,+611.328125000E-03
+34.586000E-06,-80.624580383E-03,+2.810000419617E+00,+611.328125092E-03
+34.587000E-06,-80.624580476E-03,+2.810000419617E+00,+689.453124908E-03
+34.588000E-06,-158.749580291E-03,+2.810000419709E+00,+611.328125000E-03
+34.589000E-06,-80.624580476E-03,+2.888125419431E+00,+611.328125093E-03
+34.590000E-06,-158.749580198E-03,+2.731875419802E+00,+689.453124629E-03
+34.591000E-06,-2.499580569E-03,+2.888125419524E+00,+376.953125279E-03
+34.592000E-06,-158.749580476E-03,+2.810000419524E+00,+611.328125186E-03
+34.593000E-06,-236.874580290E-03,+2.731875419710E+00,+767.578124907E-03
+34.594000E-06,-158.749580290E-03,+2.810000419617E+00,+689.453125000E-03
+34.595000E-06,-80.624580290E-03,+2.810000419710E+00,+689.453124719E-03
+34.596000E-06,-2.499580383E-03,+2.888125419617E+00,+455.078124906E-03
+34.597000E-06,-2.499580477E-03,+2.888125419429E+00,+376.953125282E-03
+34.598000E-06,-80.624580289E-03,+2.731875419711E+00,+611.328124906E-03
+34.599000E-06,-2.499580572E-03,+2.810000419522E+00,+533.203125189E-03
+34.600000E-06,-158.749580383E-03,+2.731875419617E+00,+689.453124811E-03
+34.601000E-06,-158.749580383E-03,+2.731875419617E+00,+533.203125095E-03
+34.602000E-06,-158.749580288E-03,+2.731875419712E+00,+611.328125000E-03
+34.603000E-06,-80.624580478E-03,+2.810000419617E+00,+611.328125190E-03
+34.604000E-06,-158.749580383E-03,+2.810000419617E+00,+767.578124810E-03
+34.605000E-06,-158.749580383E-03,+2.810000419617E+00,+611.328125000E-03
+34.606000E-06,-158.749580383E-03,+2.810000419617E+00,+611.328125096E-03
+34.607000E-06,-158.749580288E-03,+2.810000419521E+00,+689.453124809E-03
+34.608000E-06,-80.624580383E-03,+2.731875419617E+00,+533.203125096E-03
+34.609000E-06,-80.624580479E-03,+2.731875419713E+00,+611.328125096E-03
+34.610000E-06,-158.749580383E-03,+2.810000419617E+00,+689.453125000E-03
+34.611000E-06,-158.749580383E-03,+2.810000419520E+00,+689.453125000E-03
+34.612000E-06,-158.749580287E-03,+2.731875419713E+00,+689.453124807E-03
+34.613000E-06,-80.624580577E-03,+2.810000419520E+00,+533.203125290E-03
+34.614000E-06,-236.874580190E-03,+2.731875419617E+00,+767.578124709E-03
+34.615000E-06,-80.624580480E-03,+2.731875419617E+00,+533.203125194E-03
+34.616000E-06,-158.749580383E-03,+2.731875419519E+00,+689.453124903E-03
+34.617000E-06,-158.749580481E-03,+2.653750419714E+00,+611.328125195E-03
+34.618000E-06,-236.874580188E-03,+2.731875419714E+00,+767.578124805E-03
+34.619000E-06,-80.624580383E-03,+2.810000419617E+00,+611.328125000E-03
+34.620000E-06,-80.624580383E-03,+2.810000419715E+00,+611.328124902E-03
+34.621000E-06,-80.624580285E-03,+2.888125419421E+00,+533.203125000E-03
+34.622000E-06,-2.499580383E-03,+2.731875419715E+00,+533.203125000E-03
+34.623000E-06,-2.499580482E-03,+2.810000419715E+00,+533.203125098E-03
+34.624000E-06,-80.624580482E-03,+2.888125419518E+00,+611.328125099E-03
+34.625000E-06,-158.749580482E-03,+2.810000419518E+00,+689.453125099E-03
+34.626000E-06,-236.874580185E-03,+2.731875419716E+00,+767.578125000E-03
+34.627000E-06,-80.624580383E-03,+2.810000419617E+00,+767.578124703E-03
+34.628000E-06,-80.624580383E-03,+2.810000419418E+00,+533.203124901E-03
+34.629000E-06,-80.624580483E-03,+2.653750419716E+00,+455.078125199E-03
+34.630000E-06,-158.749580383E-03,+2.731875419716E+00,+611.328125000E-03
+34.631000E-06,-158.749580583E-03,+2.810000419617E+00,+611.328125100E-03
+34.632000E-06,-314.999580183E-03,+2.810000419617E+00,+689.453124800E-03
+34.633000E-06,-158.749580383E-03,+2.810000419416E+00,+533.203125000E-03
+34.634000E-06,-158.749580383E-03,+2.653750419617E+00,+533.203125201E-03
+34.635000E-06,-158.749580383E-03,+2.653750419818E+00,+689.453124900E-03
+34.636000E-06,-158.749580383E-03,+2.810000419415E+00,+611.328125101E-03
+34.637000E-06,-158.749580484E-03,+2.653750419718E+00,+689.453125101E-03
+34.638000E-06,-236.874580282E-03,+2.731875419718E+00,+767.578124899E-03
+34.639000E-06,-158.749580383E-03,+2.810000419516E+00,+689.453124798E-03
+34.640000E-06,-158.749580383E-03,+2.731875419718E+00,+533.203125101E-03
+34.641000E-06,-158.749580485E-03,+2.810000419515E+00,+611.328125102E-03
+34.642000E-06,-236.874580180E-03,+2.731875419617E+00,+689.453124898E-03
+34.643000E-06,-80.624580383E-03,+2.731875419515E+00,+611.328124796E-03
+34.644000E-06,-80.624580383E-03,+2.653750419617E+00,+455.078125000E-03
+34.645000E-06,-80.624580486E-03,+2.653750419719E+00,+455.078125204E-03
+34.646000E-06,-158.749580383E-03,+2.731875419514E+00,+611.328125000E-03
+34.647000E-06,-158.749580383E-03,+2.653750419719E+00,+611.328124795E-03
+34.648000E-06,-158.749580486E-03,+2.731875419514E+00,+455.078125205E-03
+34.649000E-06,-236.874580280E-03,+2.653750419514E+00,+611.328124897E-03
+34.650000E-06,-158.749580383E-03,+2.575625419514E+00,+533.203125000E-03
+34.651000E-06,-158.749580280E-03,+2.497500419823E+00,+533.203124897E-03
+34.652000E-06,-80.624580590E-03,+2.653750419410E+00,+455.078125000E-03
+34.653000E-06,-236.874580383E-03,+2.497500419410E+00,+455.078124793E-03
+34.654000E-06,-236.874580383E-03,+2.341250419513E+00,+298.828124689E-03
+34.655000E-06,-236.874580487E-03,+2.263125419409E+00,+64.453125000E-03
+34.656000E-06,-314.999580800E-03,+2.106875419513E+00,+64.453125416E-03
+34.657000E-06,-627.499580488E-03,+2.028750419617E+00,+376.953125104E-03
+34.658000E-06,-705.624580383E-03,+2.028750419617E+00,+455.078125104E-03
+34.659000E-06,-705.624580488E-03,+2.028750419617E+00,+533.203125523E-03
+34.660000E-06,-783.749580383E-03,+2.028750419721E+00,+923.828125210E-03
+34.661000E-06,-783.749580278E-03,+2.106875419512E+00,+1.080078125000E+00
+34.662000E-06,-705.624580068E-03,+2.028750419827E+00,+1.080078125000E+00
+34.663000E-06,-471.249580383E-03,+2.185000419511E+00,+1.080078125211E+00
+34.664000E-06,-471.249580067E-03,+2.106875419722E+00,+1.236328124789E+00
+34.665000E-06,-236.874580278E-03,+2.185000419511E+00,+1.080078125106E+00
+34.666000E-06,-158.749580066E-03,+2.106875419723E+00,+1.158203124683E+00
+34.667000E-06,+75.625419829E-03,+2.185000419511E+00,+923.828124788E-03
+34.668000E-06,+231.875419829E-03,+2.106875419511E+00,+767.578124682E-03
+34.669000E-06,+388.125419510E-03,+2.028750419404E+00,+533.203124894E-03
+34.670000E-06,+310.000419723E-03,+1.872500419723E+00,+455.078124787E-03
+34.671000E-06,+388.125419617E-03,+1.950625419510E+00,+298.828124573E-03
+34.672000E-06,+388.125419510E-03,+1.872500419510E+00,-13.671875000E-03
+34.673000E-06,+310.000419403E-03,+1.794375419403E+00,-13.671875000E-03
+34.674000E-06,+153.750419617E-03,+1.638125419402E+00,-13.671875000E-03
+34.675000E-06,+153.750419509E-03,+1.481875419617E+00,-13.671875322E-03
+34.676000E-06,+75.625419402E-03,+1.481875419509E+00,-248.046874570E-03
+34.677000E-06,-80.624580599E-03,+1.403750419724E+00,+64.453125323E-03
+34.678000E-06,-236.874580491E-03,+1.481875419509E+00,+298.828125216E-03
+34.679000E-06,-314.999580383E-03,+1.403750419617E+00,+455.078125000E-03
+34.680000E-06,-314.999580600E-03,+1.403750419617E+00,+455.078125216E-03
+34.681000E-06,-471.249580492E-03,+1.403750419725E+00,+611.328125217E-03
+34.682000E-06,-549.374580492E-03,+1.481875419725E+00,+767.578125326E-03
+34.683000E-06,-627.499580166E-03,+1.560000419399E+00,+1.001953125000E+00
+34.684000E-06,-471.249580383E-03,+1.403750419726E+00,+1.001953125000E+00
+34.685000E-06,-471.249580274E-03,+1.481875419617E+00,+1.001953125000E+00
+34.686000E-06,-393.124580274E-03,+1.481875419726E+00,+1.001953124891E+00
+34.687000E-06,-314.999580165E-03,+1.560000419289E+00,+923.828125000E-03
+34.688000E-06,-158.749580164E-03,+1.325625419617E+00,+923.828124781E-03
+34.689000E-06,-2.499580274E-03,+1.325625419617E+00,+767.578124890E-03
+34.690000E-06,+75.625419837E-03,+1.325625419617E+00,+689.453124780E-03
+34.691000E-06,+231.875419617E-03,+1.325625419617E+00,+533.203124780E-03
+34.692000E-06,+231.875419727E-03,+1.325625419617E+00,+376.953124890E-03
+34.693000E-06,+310.000419506E-03,+1.325625419285E+00,+298.828124890E-03
+34.694000E-06,+231.875419506E-03,+1.091250419838E+00,+220.703125000E-03
+34.695000E-06,+153.750419506E-03,+1.247500419284E+00,+220.703125000E-03
+34.696000E-06,+75.625419395E-03,+1.013125419617E+00,+220.703125111E-03
+34.697000E-06,-80.624580494E-03,+1.013125419506E+00,+298.828125000E-03
+34.698000E-06,-158.749580383E-03,+935.000419728E-03,+298.828125000E-03
+34.699000E-06,-158.749580606E-03,+1.013125419505E+00,+298.828125223E-03
+34.700000E-06,-314.999580383E-03,+935.000419617E-03,+455.078125112E-03
+34.701000E-06,-314.999580719E-03,+935.000419393E-03,+533.203125335E-03
+34.702000E-06,-549.374580383E-03,+778.750419729E-03,+767.578125112E-03
+34.703000E-06,-549.374580271E-03,+856.875419729E-03,+845.703124888E-03
+34.704000E-06,-471.249580383E-03,+935.000419504E-03,+767.578125112E-03
+34.705000E-06,-471.249580496E-03,+856.875419729E-03,+845.703125337E-03
+34.706000E-06,-549.374580271E-03,+935.000419617E-03,+1.080078125225E+00
+34.707000E-06,-471.249580158E-03,+935.000419504E-03,+1.236328124662E+00
+34.708000E-06,-314.999580157E-03,+856.875419730E-03,+1.001953124887E+00
+34.709000E-06,-158.749580383E-03,+935.000419617E-03,+923.828124887E-03
+34.710000E-06,-158.749580157E-03,+935.000419617E-03,+845.703124773E-03
+34.711000E-06,-2.499580383E-03,+935.000419617E-03,+689.453125000E-03
+34.712000E-06,-2.499580270E-03,+935.000419503E-03,+689.453124545E-03
+34.713000E-06,+75.625419503E-03,+856.875419503E-03,+376.953125228E-03
+34.714000E-06,-2.499580155E-03,+778.750419503E-03,+533.203124772E-03
+34.715000E-06,+153.750419617E-03,+700.625419731E-03,+376.953124657E-03
+34.716000E-06,+153.750419502E-03,+778.750419617E-03,+142.578125229E-03
+34.717000E-06,+75.625419502E-03,+778.750419388E-03,+298.828125000E-03
+34.718000E-06,-2.499580498E-03,+622.500419846E-03,+298.828125000E-03
+34.719000E-06,-80.624580498E-03,+778.750419502E-03,+298.828125115E-03
+34.720000E-06,-158.749580498E-03,+700.625419502E-03,+376.953125000E-03
+34.721000E-06,-236.874580499E-03,+622.500419501E-03,+376.953125230E-03
+34.722000E-06,-314.999580383E-03,+544.375419617E-03,+533.203125115E-03
+34.723000E-06,-314.999580499E-03,+544.375419617E-03,+611.328125000E-03
+34.724000E-06,-393.124580383E-03,+544.375419617E-03,+611.328125000E-03
+34.725000E-06,-393.124580615E-03,+544.375419617E-03,+611.328125348E-03
+34.726000E-06,-549.374580267E-03,+544.375419849E-03,+845.703125000E-03
+34.727000E-06,-471.249580151E-03,+700.625419268E-03,+845.703124767E-03
+34.728000E-06,-314.999580383E-03,+466.250419617E-03,+689.453125000E-03
+34.729000E-06,-314.999580383E-03,+466.250419617E-03,+689.453125233E-03
+34.730000E-06,-314.999580267E-03,+466.250419733E-03,+845.703124883E-03
+34.731000E-06,-236.874580266E-03,+544.375419500E-03,+767.578124883E-03
+34.732000E-06,-158.749580266E-03,+466.250419734E-03,+689.453124766E-03
+34.733000E-06,-80.624580266E-03,+544.375419499E-03,+533.203124883E-03
+34.734000E-06,-2.499580383E-03,+466.250419617E-03,+455.078125000E-03
+34.735000E-06,-2.499580383E-03,+466.250419617E-03,+455.078125000E-03
+34.736000E-06,-2.499580383E-03,+466.250419617E-03,+455.078124882E-03
+34.737000E-06,-2.499580501E-03,+466.250419617E-03,+376.953125118E-03
+34.738000E-06,-80.624580383E-03,+466.250419617E-03,+455.078125000E-03
+34.739000E-06,-80.624580620E-03,+466.250419617E-03,+455.078125118E-03
+34.740000E-06,-236.874580383E-03,+466.250419617E-03,+533.203125118E-03
+34.741000E-06,-236.874580502E-03,+466.250419498E-03,+611.328125119E-03
+34.742000E-06,-314.999580264E-03,+388.125419736E-03,+689.453124881E-03
+34.743000E-06,-236.874580502E-03,+466.250419379E-03,+611.328124881E-03
+34.744000E-06,-314.999580502E-03,+310.000419736E-03,+533.203125119E-03
+34.745000E-06,-393.124580383E-03,+388.125419617E-03,+611.328125119E-03
+34.746000E-06,-393.124580264E-03,+388.125419617E-03,+689.453125239E-03
+34.747000E-06,-314.999580383E-03,+388.125419497E-03,+845.703124880E-03
+34.748000E-06,-314.999580383E-03,+310.000419737E-03,+767.578124880E-03
+34.749000E-06,-314.999580383E-03,+388.125419497E-03,+689.453125120E-03
+34.750000E-06,-314.999580143E-03,+310.000419737E-03,+767.578124880E-03
+34.751000E-06,-158.749580383E-03,+388.125419376E-03,+689.453125000E-03
+34.752000E-06,-158.749580383E-03,+231.875419737E-03,+689.453124879E-03
+34.753000E-06,-158.749580263E-03,+310.000419496E-03,+611.328124759E-03
+34.754000E-06,-80.624580383E-03,+231.875419617E-03,+455.078125121E-03
+34.755000E-06,-80.624580383E-03,+231.875419617E-03,+533.203124758E-03
+34.756000E-06,-80.624580383E-03,+231.875419738E-03,+376.953125121E-03
+34.757000E-06,-80.624580505E-03,+310.000419495E-03,+455.078125243E-03
+34.758000E-06,-158.749580383E-03,+231.875419738E-03,+611.328124878E-03
+34.759000E-06,-158.749580262E-03,+310.000419251E-03,+533.203124878E-03
+34.760000E-06,-80.624580627E-03,+75.625419739E-03,+455.078125000E-03
+34.761000E-06,-236.874580383E-03,+153.750419617E-03,+455.078125000E-03
+34.762000E-06,-236.874580383E-03,+153.750419617E-03,+455.078125367E-03
+34.763000E-06,-236.874580261E-03,+153.750419739E-03,+689.453124755E-03
+34.764000E-06,-158.749580506E-03,+231.875419494E-03,+533.203125000E-03
+34.765000E-06,-236.874580383E-03,+153.750419494E-03,+533.203125123E-03
+34.766000E-06,-236.874580383E-03,+75.625419494E-03,+611.328125000E-03
+34.767000E-06,-236.874580506E-03,-2.499580260E-03,+611.328125246E-03
+34.768000E-06,-314.999580260E-03,+75.625419740E-03,+767.578124877E-03
+34.769000E-06,-236.874580630E-03,+153.750419617E-03,+689.453125247E-03
+34.770000E-06,-393.124580136E-03,+153.750419617E-03,+845.703124876E-03
+34.771000E-06,-236.874580507E-03,+153.750419740E-03,+767.578125124E-03
+34.772000E-06,-314.999580259E-03,+231.875419493E-03,+845.703124752E-03
+34.773000E-06,-236.874580259E-03,+153.750419617E-03,+689.453124876E-03
+34.774000E-06,-158.749580383E-03,+153.750419617E-03,+611.328124876E-03
+34.775000E-06,-158.749580259E-03,+153.750419492E-03,+533.203125000E-03
+34.776000E-06,-80.624580508E-03,+75.625419617E-03,+533.203125000E-03
+34.777000E-06,-158.749580508E-03,+75.625419492E-03,+533.203125250E-03
+34.778000E-06,-236.874580133E-03,-2.499580258E-03,+689.453124750E-03
+34.779000E-06,-80.624580383E-03,+75.625419742E-03,+533.203124750E-03
+34.780000E-06,-80.624580509E-03,+153.750419617E-03,+376.953125251E-03
+34.781000E-06,-158.749580509E-03,+153.750419617E-03,+533.203125126E-03
+34.782000E-06,-236.874580258E-03,+153.750419742E-03,+611.328124874E-03
+34.783000E-06,-158.749580383E-03,+231.875419365E-03,+533.203125000E-03
+34.784000E-06,-158.749580383E-03,+75.625419743E-03,+533.203124874E-03
+34.785000E-06,-158.749580636E-03,+153.750419238E-03,+455.078125126E-03
+34.786000E-06,-314.999580257E-03,-80.624580131E-03,+533.203125253E-03
+34.787000E-06,-236.874580383E-03,+75.625419617E-03,+689.453125000E-03
+34.788000E-06,-236.874580383E-03,+75.625419617E-03,+689.453124747E-03
+34.789000E-06,-236.874580383E-03,+75.625419490E-03,+533.203125000E-03
+34.790000E-06,-236.874580129E-03,-2.499580383E-03,+533.203125000E-03
+34.791000E-06,-80.624580511E-03,-2.499580511E-03,+533.203124873E-03
+34.792000E-06,-158.749580511E-03,-80.624580383E-03,+455.078125255E-03
+34.793000E-06,-236.874580638E-03,-80.624580256E-03,+611.328125128E-03
+34.794000E-06,-393.124580256E-03,-2.499580383E-03,+689.453125128E-03
+34.795000E-06,-314.999580255E-03,-2.499580383E-03,+767.578124616E-03
+34.796000E-06,-236.874580255E-03,-2.499580383E-03,+533.203125000E-03
+34.797000E-06,-158.749580383E-03,-2.499580383E-03,+533.203125128E-03
+34.798000E-06,-158.749580255E-03,-2.499580383E-03,+611.328124743E-03
+34.799000E-06,-80.624580512E-03,-2.499580383E-03,+455.078125129E-03
+34.800000E-06,-158.749580383E-03,-2.499580255E-03,+533.203124742E-03
+34.801000E-06,-158.749580512E-03,+75.625419359E-03,+376.953125258E-03
+34.802000E-06,-236.874580254E-03,-80.624580254E-03,+533.203125000E-03
+34.803000E-06,-158.749580513E-03,-2.499580513E-03,+533.203125000E-03
+34.804000E-06,-236.874580254E-03,-80.624580383E-03,+533.203124871E-03
+34.805000E-06,-158.749580643E-03,-80.624580513E-03,+455.078125389E-03
+34.806000E-06,-314.999580254E-03,-158.749580383E-03,+689.453124870E-03
+34.807000E-06,-236.874580643E-03,-158.749580383E-03,+611.328125000E-03
+34.808000E-06,-393.124580253E-03,-158.749580383E-03,+611.328124870E-03
+34.809000E-06,-314.999580383E-03,-158.749580383E-03,+533.203125000E-03
+34.810000E-06,-314.999580253E-03,-158.749580253E-03,+533.203125261E-03
+34.811000E-06,-236.874580253E-03,-80.624580383E-03,+689.453124608E-03
+34.812000E-06,-158.749580383E-03,-80.624580252E-03,+455.078125000E-03
+34.813000E-06,-158.749580514E-03,-2.499580383E-03,+455.078125131E-03
+34.814000E-06,-236.874580514E-03,-2.499580646E-03,+533.203125262E-03
+34.815000E-06,-314.999580383E-03,-158.749580383E-03,+689.453125131E-03
+34.816000E-06,-314.999580252E-03,-158.749580252E-03,+767.578124606E-03
+34.817000E-06,-236.874580252E-03,-80.624580515E-03,+533.203125000E-03
+34.818000E-06,-158.749580383E-03,-158.749580120E-03,+533.203125132E-03
+34.819000E-06,-158.749580383E-03,-2.499580251E-03,+611.328124868E-03
+34.820000E-06,-158.749580383E-03,+75.625419485E-03,+533.203124868E-03
+34.821000E-06,-158.749580383E-03,-2.499580648E-03,+455.078125000E-03
+34.822000E-06,-158.749580251E-03,-158.749580251E-03,+455.078125000E-03
+34.823000E-06,-80.624580516E-03,-80.624580516E-03,+455.078125000E-03
+34.824000E-06,-158.749580383E-03,-158.749580383E-03,+455.078124867E-03
+34.825000E-06,-158.749580782E-03,-158.749580383E-03,+376.953125399E-03
+34.826000E-06,-393.124580250E-03,-158.749580383E-03,+611.328125000E-03
+34.827000E-06,-314.999580250E-03,-158.749580383E-03,+611.328124733E-03
+34.828000E-06,-236.874580517E-03,-158.749580383E-03,+455.078125267E-03
+34.829000E-06,-314.999580383E-03,-158.749580250E-03,+611.328125134E-03
+34.830000E-06,-314.999580383E-03,-80.624580651E-03,+689.453125000E-03
+34.831000E-06,-314.999580383E-03,-236.874580249E-03,+689.453125000E-03
+34.832000E-06,-314.999580383E-03,-158.749580383E-03,+689.453124866E-03
+34.833000E-06,-314.999580249E-03,-158.749580383E-03,+611.328125134E-03
+34.834000E-06,-236.874580383E-03,-158.749580383E-03,+689.453125135E-03
+34.835000E-06,-236.874580383E-03,-158.749580249E-03,+767.578124596E-03
+34.836000E-06,-236.874580383E-03,-80.624580518E-03,+533.203125000E-03
+34.837000E-06,-236.874580383E-03,-158.749580383E-03,+533.203125135E-03
+34.838000E-06,-236.874580248E-03,-158.749580519E-03,+611.328125135E-03
+34.839000E-06,-158.749580519E-03,-236.874580383E-03,+689.453125000E-03
+34.840000E-06,-236.874580383E-03,-236.874580383E-03,+689.453124864E-03
+34.841000E-06,-236.874580383E-03,-236.874580248E-03,+611.328125000E-03
+34.842000E-06,-236.874580247E-03,-158.749580655E-03,+611.328125136E-03
+34.843000E-06,-158.749580383E-03,-314.999580111E-03,+689.453124728E-03
+34.844000E-06,-158.749580383E-03,-158.749580247E-03,+533.203125000E-03
+34.845000E-06,-158.749580656E-03,-80.624580520E-03,+533.203125273E-03
+34.846000E-06,-314.999580247E-03,-158.749580247E-03,+689.453124863E-03
+34.847000E-06,-236.874580383E-03,-80.624580520E-03,+611.328124863E-03
+34.848000E-06,-236.874580383E-03,-158.749580383E-03,+533.203125000E-03
+34.849000E-06,-236.874580383E-03,-158.749580520E-03,+533.203124863E-03
+34.850000E-06,-236.874580383E-03,-236.874580109E-03,+455.078125137E-03
+34.851000E-06,-236.874580246E-03,-80.624580521E-03,+533.203124725E-03
+34.852000E-06,-158.749580246E-03,-158.749580246E-03,+376.953124725E-03
+34.853000E-06,-80.624580659E-03,-80.624580797E-03,+220.703125551E-03
+34.854000E-06,-236.874580245E-03,-314.999580245E-03,+533.203124862E-03
+34.855000E-06,-158.749580383E-03,-236.874580245E-03,+455.078125138E-03
+34.856000E-06,-158.749580522E-03,-158.749580383E-03,+533.203125000E-03
+34.857000E-06,-236.874580522E-03,-158.749580522E-03,+533.203125277E-03
+34.858000E-06,-314.999580245E-03,-236.874580522E-03,+689.453125139E-03
+34.859000E-06,-236.874580383E-03,-314.999580244E-03,+767.578124722E-03
+34.860000E-06,-236.874580244E-03,-236.874580244E-03,+611.328124722E-03
+34.861000E-06,-158.749580662E-03,-158.749580523E-03,+455.078125557E-03
+34.862000E-06,-314.999580105E-03,-236.874580383E-03,+767.578124582E-03
+34.863000E-06,-158.749580662E-03,-236.874580383E-03,+533.203125000E-03
+34.864000E-06,-314.999580244E-03,-236.874580523E-03,+533.203124860E-03
+34.865000E-06,-236.874580663E-03,-314.999580243E-03,+455.078125420E-03
+34.866000E-06,-393.124580243E-03,-236.874580383E-03,+689.453125140E-03
+34.867000E-06,-314.999580103E-03,-236.874580103E-03,+767.578124299E-03
+34.868000E-06,-158.749580524E-03,-80.624580524E-03,+376.953125281E-03
+34.869000E-06,-236.874580524E-03,-158.749580664E-03,+533.203125281E-03
+34.870000E-06,-314.999580243E-03,-314.999580383E-03,+689.453124578E-03
+34.871000E-06,-236.874580524E-03,-314.999580101E-03,+455.078125423E-03
+34.872000E-06,-314.999580383E-03,-158.749580665E-03,+689.453125141E-03
+34.873000E-06,-314.999580383E-03,-314.999580383E-03,+767.578125000E-03
+34.874000E-06,-314.999580383E-03,-314.999580242E-03,+767.578125141E-03
+34.875000E-06,-314.999580383E-03,-236.874580383E-03,+845.703124575E-03
+34.876000E-06,-314.999580242E-03,-236.874580242E-03,+611.328125000E-03
+34.877000E-06,-236.874580525E-03,-158.749580525E-03,+611.328125142E-03
+34.878000E-06,-314.999580241E-03,-236.874580383E-03,+689.453124716E-03
+34.879000E-06,-236.874580383E-03,-236.874580526E-03,+533.203125142E-03
+34.880000E-06,-236.874580383E-03,-314.999580383E-03,+611.328125000E-03
+34.881000E-06,-236.874580383E-03,-314.999580383E-03,+611.328125000E-03
+34.882000E-06,-236.874580383E-03,-314.999580240E-03,+611.328125000E-03
+34.883000E-06,-236.874580383E-03,-236.874580383E-03,+611.328125000E-03
+34.884000E-06,-236.874580240E-03,-236.874580526E-03,+611.328124857E-03
+34.885000E-06,-158.749580527E-03,-314.999580240E-03,+533.203125000E-03
+34.886000E-06,-236.874580240E-03,-236.874580383E-03,+533.203125000E-03
+34.887000E-06,-158.749580671E-03,-236.874580383E-03,+533.203125287E-03
+34.888000E-06,-314.999580239E-03,-236.874580527E-03,+689.453124712E-03
+34.889000E-06,-236.874580527E-03,-314.999580527E-03,+533.203125144E-03
+34.890000E-06,-314.999580383E-03,-393.124580239E-03,+611.328125144E-03
+34.891000E-06,-314.999580239E-03,-314.999580383E-03,+689.453124711E-03
+34.892000E-06,-236.874580239E-03,-314.999580239E-03,+533.203124855E-03
+34.893000E-06,-158.749580673E-03,-236.874580528E-03,+455.078125434E-03
+34.894000E-06,-314.999580094E-03,-314.999580238E-03,+689.453124710E-03
+34.895000E-06,-158.749580383E-03,-236.874580528E-03,+533.203124855E-03
+34.896000E-06,-158.749580529E-03,-314.999580383E-03,+455.078125290E-03
+34.897000E-06,-236.874580529E-03,-314.999580383E-03,+611.328125000E-03
+34.898000E-06,-314.999580238E-03,-314.999580383E-03,+611.328125291E-03
+34.899000E-06,-236.874580529E-03,-314.999580383E-03,+767.578125000E-03
+34.900000E-06,-314.999580383E-03,-314.999580237E-03,+767.578124562E-03
+34.901000E-06,-314.999580383E-03,-236.874580383E-03,+533.203125146E-03
+34.902000E-06,-314.999580237E-03,-236.874580383E-03,+611.328125000E-03
+34.903000E-06,-236.874580530E-03,-236.874580383E-03,+611.328125000E-03
+34.904000E-06,-314.999580383E-03,-236.874580530E-03,+611.328125147E-03
+34.905000E-06,-314.999580383E-03,-314.999580530E-03,+689.453124853E-03
+34.906000E-06,-314.999580530E-03,-393.124580236E-03,+611.328125441E-03
+34.907000E-06,-393.124580236E-03,-314.999580236E-03,+845.703124853E-03
+34.908000E-06,-314.999580089E-03,-236.874580236E-03,+767.578124705E-03
+34.909000E-06,-158.749580678E-03,-158.749580383E-03,+611.328125000E-03
+34.910000E-06,-314.999580088E-03,-158.749580531E-03,+611.328124705E-03
+34.911000E-06,-158.749580383E-03,-236.874580383E-03,+455.078125000E-03
+34.912000E-06,-158.749580531E-03,-236.874580383E-03,+455.078125148E-03
+34.913000E-06,-236.874580680E-03,-236.874580235E-03,+533.203125296E-03
+34.914000E-06,-393.124580087E-03,-158.749580680E-03,+689.453124852E-03
+34.915000E-06,-236.874580383E-03,-314.999580235E-03,+611.328125000E-03
+34.916000E-06,-236.874580235E-03,-236.874580383E-03,+611.328124703E-03
+34.917000E-06,-158.749580681E-03,-236.874580532E-03,+455.078125446E-03
+34.918000E-06,-314.999580234E-03,-314.999580383E-03,+689.453124851E-03
+34.919000E-06,-236.874580234E-03,-314.999580234E-03,+611.328124553E-03
+34.920000E-06,-158.749580383E-03,-236.874580533E-03,+376.953125000E-03
+34.921000E-06,-158.749580682E-03,-314.999580234E-03,+376.953125448E-03
+34.922000E-06,-314.999580084E-03,-236.874580234E-03,+611.328124701E-03
+34.923000E-06,-158.749580533E-03,-158.749580533E-03,+455.078125449E-03
+34.924000E-06,-236.874580233E-03,-236.874580233E-03,+689.453124700E-03
+34.925000E-06,-158.749580533E-03,-158.749580533E-03,+533.203125300E-03
+34.926000E-06,-236.874580383E-03,-236.874580684E-03,+689.453124850E-03
+34.927000E-06,-236.874580534E-03,-393.124580082E-03,+611.328125301E-03
+34.928000E-06,-314.999580233E-03,-236.874580534E-03,+767.578124548E-03
+34.929000E-06,-236.874580534E-03,-314.999580534E-03,+533.203125302E-03
+34.930000E-06,-314.999580232E-03,-393.124580232E-03,+689.453124849E-03
+34.931000E-06,-236.874580383E-03,-314.999580383E-03,+611.328125000E-03
+34.932000E-06,-236.874580383E-03,-314.999580232E-03,+611.328124849E-03
+34.933000E-06,-236.874580383E-03,-236.874580535E-03,+533.203125152E-03
+34.934000E-06,-236.874580535E-03,-314.999580383E-03,+611.328125152E-03
+34.935000E-06,-314.999580080E-03,-314.999580383E-03,+689.453124392E-03
+34.936000E-06,-158.749580535E-03,-314.999580231E-03,+376.953125000E-03
+34.937000E-06,-236.874580231E-03,-236.874580383E-03,+376.953125000E-03
+34.938000E-06,-158.749580383E-03,-236.874580383E-03,+376.953125152E-03
+34.939000E-06,-158.749580536E-03,-236.874580383E-03,+455.078125153E-03
+34.940000E-06,-236.874580078E-03,-236.874580231E-03,+533.203124542E-03
+34.941000E-06,-80.624580842E-03,-158.749580536E-03,+298.828125765E-03
+34.942000E-06,-314.999580230E-03,-236.874580689E-03,+689.453124847E-03
+34.943000E-06,-236.874580230E-03,-393.124579924E-03,+611.328124540E-03
+34.944000E-06,-158.749580690E-03,-158.749580690E-03,+376.953125307E-03
+34.945000E-06,-314.999580537E-03,-314.999580230E-03,+533.203125000E-03
+34.946000E-06,-393.124580230E-03,-236.874580537E-03,+533.203125154E-03
+34.947000E-06,-314.999580229E-03,-314.999580075E-03,+611.328124692E-03
+34.948000E-06,-236.874580229E-03,-158.749580537E-03,+455.078124692E-03
+34.949000E-06,-158.749580383E-03,-236.874580538E-03,+298.828125309E-03
+34.950000E-06,-158.749580538E-03,-314.999580229E-03,+455.078125309E-03
+34.951000E-06,-236.874580383E-03,-236.874580383E-03,+611.328125000E-03
+34.952000E-06,-236.874580383E-03,-236.874580538E-03,+611.328124845E-03
+34.953000E-06,-236.874580848E-03,-314.999580538E-03,+533.203125310E-03
+34.954000E-06,-471.249580073E-03,-393.124580228E-03,+689.453124845E-03
+34.955000E-06,-314.999580383E-03,-314.999580383E-03,+611.328125000E-03
+34.956000E-06,-314.999580383E-03,-314.999580072E-03,+611.328125000E-03
+34.957000E-06,-314.999580383E-03,-158.749580539E-03,+611.328124844E-03
+34.958000E-06,-314.999580227E-03,-236.874580539E-03,+533.203125156E-03
+34.959000E-06,-236.874580383E-03,-314.999580383E-03,+611.328124844E-03
+34.960000E-06,-236.874580539E-03,-314.999580383E-03,+533.203125000E-03
+34.961000E-06,-314.999580383E-03,-314.999580383E-03,+533.203125156E-03
+34.962000E-06,-314.999580070E-03,-314.999580383E-03,+611.328124844E-03
+34.963000E-06,-158.749580697E-03,-314.999580383E-03,+533.203125157E-03
+34.964000E-06,-314.999580226E-03,-314.999580383E-03,+611.328124686E-03
+34.965000E-06,-236.874580540E-03,-314.999580383E-03,+455.078125314E-03
+34.966000E-06,-314.999580226E-03,-314.999580226E-03,+611.328124686E-03
+34.967000E-06,-236.874580226E-03,-236.874580383E-03,+455.078124843E-03
+34.968000E-06,-158.749580541E-03,-236.874580541E-03,+376.953125315E-03
+34.969000E-06,-236.874580383E-03,-314.999580383E-03,+533.203124842E-03
+34.970000E-06,-236.874580383E-03,-314.999580541E-03,+455.078125158E-03
+34.971000E-06,-236.874580541E-03,-393.124580225E-03,+533.203125000E-03
+34.972000E-06,-314.999580383E-03,-314.999580383E-03,+533.203125000E-03
+34.973000E-06,-314.999580383E-03,-314.999580542E-03,+533.203125158E-03
+34.974000E-06,-314.999580383E-03,-393.124580383E-03,+611.328125159E-03
+34.975000E-06,-314.999580383E-03,-393.124580066E-03,+689.453124683E-03
+34.976000E-06,-314.999580224E-03,-236.874580542E-03,+533.203124841E-03
+34.977000E-06,-236.874580542E-03,-314.999580383E-03,+455.078125318E-03
+34.978000E-06,-314.999580383E-03,-314.999580383E-03,+611.328125000E-03
+34.979000E-06,-314.999580224E-03,-314.999580383E-03,+611.328124681E-03
+34.980000E-06,-236.874580383E-03,-314.999580383E-03,+455.078125000E-03
+34.981000E-06,-236.874580543E-03,-314.999580383E-03,+455.078125320E-03
+34.982000E-06,-314.999580223E-03,-314.999580383E-03,+611.328125000E-03
+34.983000E-06,-236.874580383E-03,-314.999580383E-03,+611.328124680E-03
+34.984000E-06,-236.874580223E-03,-314.999580383E-03,+455.078124840E-03
+34.985000E-06,-158.749580704E-03,-314.999580704E-03,+376.953125481E-03
+34.986000E-06,-314.999580223E-03,-471.249580062E-03,+611.328125161E-03
+34.987000E-06,-236.874580223E-03,-314.999580223E-03,+689.453124518E-03
+34.988000E-06,-158.749580544E-03,-236.874580544E-03,+455.078125161E-03
+34.989000E-06,-236.874580383E-03,-314.999580383E-03,+533.203125000E-03
+34.990000E-06,-236.874580383E-03,-314.999580545E-03,+533.203125161E-03
+34.991000E-06,-236.874580545E-03,-393.124580222E-03,+611.328124839E-03
+34.992000E-06,-314.999580222E-03,-314.999580545E-03,+533.203124838E-03
+34.993000E-06,-236.874580545E-03,-393.124580383E-03,+455.078125162E-03
+34.994000E-06,-314.999580383E-03,-393.124580221E-03,+533.203125162E-03
+34.995000E-06,-314.999580383E-03,-314.999580545E-03,+611.328125000E-03
+34.996000E-06,-314.999580383E-03,-393.124579896E-03,+611.328124838E-03
+34.997000E-06,-314.999580383E-03,-158.749580546E-03,+533.203125163E-03
+34.998000E-06,-314.999580221E-03,-236.874580546E-03,+611.328124837E-03
+34.999000E-06,-236.874580546E-03,-314.999580546E-03,+533.203125000E-03
+35.000000E-06,-314.999580383E-03,-393.124580546E-03,+533.203124837E-03
+35.001000E-06,-314.999580383E-03,-471.249580057E-03,+455.078125326E-03
+35.002000E-06,-314.999580220E-03,-314.999580383E-03,+611.328125000E-03
+35.003000E-06,-236.874580383E-03,-314.999580383E-03,+611.328124673E-03
+35.004000E-06,-236.874580220E-03,-314.999580220E-03,+455.078124836E-03
+35.005000E-06,-158.749580547E-03,-236.874580547E-03,+376.953125328E-03
+35.006000E-06,-236.874580383E-03,-314.999580219E-03,+533.203125164E-03
+35.007000E-06,-236.874580548E-03,-236.874580548E-03,+611.328125000E-03
+35.008000E-06,-314.999580219E-03,-314.999580712E-03,+611.328125000E-03
+35.009000E-06,-236.874580548E-03,-471.249580054E-03,+611.328125000E-03
+35.010000E-06,-314.999580383E-03,-314.999580383E-03,+611.328125165E-03
+35.011000E-06,-314.999580054E-03,-314.999580383E-03,+689.453124670E-03
+35.012000E-06,-158.749580383E-03,-314.999580383E-03,+533.203124835E-03
+35.013000E-06,-158.749580549E-03,-314.999580383E-03,+455.078125165E-03
+35.014000E-06,-236.874580383E-03,-314.999580383E-03,+533.203125165E-03
+35.015000E-06,-236.874580383E-03,-314.999580383E-03,+611.328124669E-03
+35.016000E-06,-236.874580715E-03,-314.999580549E-03,+455.078125332E-03
+35.017000E-06,-393.124580549E-03,-393.124580217E-03,+611.328125332E-03
+35.018000E-06,-471.249580051E-03,-314.999580383E-03,+767.578124668E-03
+35.019000E-06,-314.999580550E-03,-314.999580383E-03,+611.328125000E-03
+35.020000E-06,-393.124580050E-03,-314.999580383E-03,+611.328124501E-03
+35.021000E-06,-236.874580550E-03,-314.999580550E-03,+376.953125333E-03
+35.022000E-06,-314.999580050E-03,-393.124580383E-03,+533.203125000E-03
+35.023000E-06,-158.749580717E-03,-393.124580216E-03,+533.203125000E-03
+35.024000E-06,-314.999580049E-03,-314.999580383E-03,+533.203124833E-03
+35.025000E-06,-158.749580718E-03,-314.999580718E-03,+455.078125335E-03
+35.026000E-06,-314.999580216E-03,-471.249580048E-03,+611.328125000E-03
+35.027000E-06,-236.874580383E-03,-314.999580383E-03,+611.328125000E-03
+35.028000E-06,-236.874580215E-03,-314.999580215E-03,+611.328124497E-03
+35.029000E-06,-158.749580551E-03,-236.874580551E-03,+376.953125168E-03
+35.030000E-06,-236.874580383E-03,-314.999580383E-03,+455.078125168E-03
+35.031000E-06,-236.874580215E-03,-314.999580552E-03,+533.203124495E-03
+35.032000E-06,-158.749580720E-03,-393.124580383E-03,+298.828125337E-03
+35.033000E-06,-314.999580383E-03,-393.124580552E-03,+455.078125169E-03
+35.034000E-06,-314.999580214E-03,-471.249580046E-03,+533.203125169E-03
+35.035000E-06,-236.874580383E-03,-314.999580552E-03,+611.328124831E-03
+35.036000E-06,-236.874580214E-03,-393.124580045E-03,+533.203124831E-03
+35.037000E-06,-158.749580891E-03,-236.874580214E-03,+455.078125508E-03
+35.038000E-06,-393.124580044E-03,-158.749580722E-03,+689.453124830E-03
+35.039000E-06,-236.874580553E-03,-314.999580383E-03,+611.328125000E-03
+35.040000E-06,-314.999580383E-03,-314.999580553E-03,+611.328125000E-03
+35.041000E-06,-314.999580553E-03,-393.124580553E-03,+611.328125000E-03
+35.042000E-06,-393.124580213E-03,-471.249580213E-03,+611.328125000E-03
+35.043000E-06,-314.999580213E-03,-393.124580213E-03,+611.328124830E-03
+35.044000E-06,-236.874580213E-03,-314.999580213E-03,+533.203124659E-03
+35.045000E-06,-158.749580383E-03,-236.874580554E-03,+376.953125341E-03
+35.046000E-06,-158.749580383E-03,-314.999580383E-03,+533.203125171E-03
+35.047000E-06,-158.749580725E-03,-314.999580725E-03,+611.328125171E-03
+35.048000E-06,-314.999580726E-03,-471.249580726E-03,+689.453125171E-03
